{"cameraMode":{"drawMode":0,"name":"Shaded","section":"Shading Mode"},"sceneLighting":true,"audioPlay":false,"sceneViewState":{"showFog":true,"showMaterialUpdate":false,"showSkybox":true,"showFlares":true,"showImageEffects":true,"showParticleSystems":true},"in2DMode":false,"pivot":{"x":-7.228546619415283,"y":-43.580684661865237,"z":-27.5770206451416},"rotation":{"x":-0.10352204740047455,"y":0.8556027412414551,"z":-0.4710274934768677,"w":-0.18804310262203217},"size":55.17584991455078,"orthographic":false}