{"cameraMode":{"drawMode":0,"name":"Shaded","section":"Shading Mode"},"sceneLighting":true,"audioPlay":false,"sceneViewState":{"showFog":true,"showMaterialUpdate":false,"showSkybox":true,"showFlares":true,"showImageEffects":true,"showParticleSystems":true},"in2DMode":false,"pivot":{"x":1.3683111667633057,"y":-6.58664083480835,"z":-5.915515422821045},"rotation":{"x":-0.013952922075986863,"y":-0.9184039831161499,"z":0.3940584063529968,"w":-0.032518770545721057},"size":19.27492904663086,"orthographic":false}