{"cameraMode":{"drawMode":0,"name":"Shaded","section":"Shading Mode"},"sceneLighting":false,"audioPlay":false,"sceneViewState":{"showFog":true,"showMaterialUpdate":false,"showSkybox":false,"showFlares":true,"showImageEffects":true,"showParticleSystems":true},"in2DMode":false,"pivot":{"x":-0.5482105016708374,"y":0.5350229144096375,"z":-4.127711772918701},"rotation":{"x":-0.0007296003168448806,"y":0.9989555478096008,"z":-0.017227251082658769,"w":-0.04231537505984306},"size":2.8578836917877199,"orthographic":false}