{"cameraMode":{"drawMode":0,"name":"Shaded","section":"Shading Mode"},"sceneLighting":false,"audioPlay":false,"sceneViewState":{"showFog":true,"showMaterialUpdate":false,"showSkybox":false,"showFlares":true,"showImageEffects":true,"showParticleSystems":true},"in2DMode":false,"pivot":{"x":4.480999946594238,"y":0.8650000095367432,"z":0.44999998807907107},"rotation":{"x":-0.027571886777877809,"y":0.875086784362793,"z":-0.050207510590553287,"w":-0.4805644750595093},"size":2.8578836917877199,"orthographic":false}