{"cameraMode":{"drawMode":0,"name":"Shaded","section":"Shading Mode"},"sceneLighting":false,"audioPlay":false,"sceneViewState":{"showFog":true,"showMaterialUpdate":false,"showSkybox":false,"showFlares":true,"showImageEffects":true,"showParticleSystems":true},"in2DMode":false,"pivot":{"x":-0.824889063835144,"y":0.8523639440536499,"z":-2.718879461288452},"rotation":{"x":0.0028045382350683214,"y":-0.9963135719299316,"z":0.0358828641474247,"w":0.07787080109119415},"size":3.427551746368408,"orthographic":false}