{"cameraMode":{"drawMode":0,"name":"Shaded","section":"Shading Mode"},"sceneLighting":false,"audioPlay":false,"sceneViewState":{"showFog":true,"showMaterialUpdate":false,"showSkybox":false,"showFlares":true,"showImageEffects":true,"showParticleSystems":true},"in2DMode":false,"pivot":{"x":4.260303974151611,"y":-11.39251708984375,"z":-25.531967163085939},"rotation":{"x":0.08967358618974686,"y":-0.8833432197570801,"z":0.4195406138896942,"w":0.1888098567724228},"size":99.6727523803711,"orthographic":false}