{"cameraMode":{"drawMode":0,"name":"Shaded","section":"Shading Mode"},"sceneLighting":false,"audioPlay":false,"sceneViewState":{"showFog":true,"showMaterialUpdate":false,"showSkybox":false,"showFlares":true,"showImageEffects":true,"showParticleSystems":true},"in2DMode":false,"pivot":{"x":-0.032517433166503909,"y":0.7043516635894775,"z":-3.1900863647460939},"rotation":{"x":-0.014232011511921883,"y":-0.8202943801879883,"z":0.02043098211288452,"w":-0.5713993310928345},"size":2.8741698265075685,"orthographic":false}