{"cameraMode":{"drawMode":0,"name":"Shaded","section":"Shading Mode"},"sceneLighting":false,"audioPlay":false,"sceneViewState":{"showFog":true,"showMaterialUpdate":false,"showSkybox":false,"showFlares":true,"showImageEffects":true,"showParticleSystems":true},"in2DMode":false,"pivot":{"x":-0.6561079621315002,"y":0.5681936144828796,"z":-2.622123956680298},"rotation":{"x":-0.0007536740740761161,"y":0.9991469383239746,"z":-0.035382844507694247,"w":-0.021281633526086808},"size":5.323722839355469,"orthographic":false}