{"cameraMode":{"drawMode":0,"name":"Shaded","section":"Shading Mode"},"sceneLighting":false,"audioPlay":false,"sceneViewState":{"showFog":true,"showMaterialUpdate":false,"showSkybox":false,"showFlares":true,"showImageEffects":true,"showParticleSystems":true},"in2DMode":false,"pivot":{"x":-2.112598180770874,"y":1.048272728919983,"z":-2.5566909313201906},"rotation":{"x":0.00940596405416727,"y":-0.9237044453620911,"z":-0.02272607572376728,"w":-0.38231557607650759},"size":2.8741698265075685,"orthographic":false}