{"cameraMode":{"drawMode":0,"name":"Shaded","section":"Shading Mode"},"sceneLighting":false,"audioPlay":false,"sceneViewState":{"showFog":true,"showMaterialUpdate":false,"showSkybox":false,"showFlares":true,"showImageEffects":true,"showParticleSystems":true},"in2DMode":false,"pivot":{"x":-0.8345434665679932,"y":0.6813123226165772,"z":-2.2486302852630617},"rotation":{"x":0.000056034135923255235,"y":0.9956508874893189,"z":0.0005990528734400868,"w":-0.09316091984510422},"size":3.21512508392334,"orthographic":false}