{"cameraMode":{"drawMode":0,"name":"Shaded","section":"Shading Mode"},"sceneLighting":false,"audioPlay":false,"sceneViewState":{"showFog":true,"showMaterialUpdate":false,"showSkybox":false,"showFlares":true,"showImageEffects":true,"showParticleSystems":true},"in2DMode":false,"pivot":{"x":-71.47203063964844,"y":-57.15537643432617,"z":1.7736268043518067},"rotation":{"x":0.2453356236219406,"y":-0.6063135266304016,"z":0.2042313665151596,"w":0.7283432483673096},"size":187.71470642089845,"orthographic":false}