{"cameraMode":{"drawMode":0,"name":"Shaded","section":"Shading Mode"},"sceneLighting":true,"audioPlay":false,"sceneViewState":{"showFog":true,"showMaterialUpdate":false,"showSkybox":true,"showFlares":true,"showImageEffects":true,"showParticleSystems":true},"in2DMode":false,"pivot":{"x":-1.4904855489730836,"y":1.895463466644287,"z":-2.0387468338012697},"rotation":{"x":0.003792398376390338,"y":0.9926722049713135,"z":0.03233683109283447,"w":-0.1163698360323906},"size":2.863144874572754,"orthographic":false}