{"cameraMode":{"drawMode":0,"name":"Shaded","section":"Shading Mode"},"sceneLighting":false,"audioPlay":false,"sceneViewState":{"showFog":true,"showMaterialUpdate":false,"showSkybox":false,"showFlares":true,"showImageEffects":true,"showParticleSystems":true},"in2DMode":false,"pivot":{"x":-0.7990436553955078,"y":0.4243987798690796,"z":-2.6926426887512209},"rotation":{"x":0.0017019800143316389,"y":-0.9961972832679749,"z":0.08478274941444397,"w":0.020001109689474107},"size":2.8741698265075685,"orthographic":false}