{"cameraMode":{"drawMode":0,"name":"Shaded","section":"Shading Mode"},"sceneLighting":true,"audioPlay":false,"sceneViewState":{"showFog":true,"showMaterialUpdate":false,"showSkybox":true,"showFlares":true,"showImageEffects":true,"showParticleSystems":true},"in2DMode":false,"pivot":{"x":-0.5293542742729187,"y":3.805546283721924,"z":1.3708117008209229},"rotation":{"x":-0.002864765701815486,"y":-0.8162423968315125,"z":0.5776883363723755,"w":-0.004047971684485674},"size":7.273208141326904,"orthographic":false}