{"cameraMode":{"drawMode":0,"name":"Shaded","section":"Shading Mode"},"sceneLighting":false,"audioPlay":false,"sceneViewState":{"showFog":true,"showMaterialUpdate":false,"showSkybox":false,"showFlares":true,"showImageEffects":true,"showParticleSystems":true},"in2DMode":false,"pivot":{"x":2.5822935104370119,"y":0.0734819546341896,"z":-1.0661252737045289},"rotation":{"x":-0.05042366683483124,"y":-0.8032450675964356,"z":0.06870556622743607,"w":-0.5895204544067383},"size":1.5800952911376954,"orthographic":true}