{"cameraMode":{"drawMode":0,"name":"Shaded","section":"Shading Mode"},"sceneLighting":false,"audioPlay":false,"sceneViewState":{"showFog":true,"showMaterialUpdate":false,"showSkybox":false,"showFlares":true,"showImageEffects":true,"showParticleSystems":true},"in2DMode":false,"pivot":{"x":-0.45978307723999026,"y":-0.06421220302581787,"z":-4.300632476806641},"rotation":{"x":-0.0013759712455794216,"y":-0.9830005168914795,"z":0.18344981968402863,"w":-0.007372566498816013},"size":4.297459125518799,"orthographic":false}