{"cameraMode":{"drawMode":0,"name":"Shaded","section":"Shading Mode"},"sceneLighting":true,"audioPlay":false,"sceneViewState":{"showFog":true,"showMaterialUpdate":false,"showSkybox":true,"showFlares":true,"showImageEffects":true,"showParticleSystems":true},"in2DMode":false,"pivot":{"x":1.7719852924346924,"y":1.5701974630355836,"z":4.18465518951416},"rotation":{"x":-0.04318789765238762,"y":0.11693450808525086,"z":0.005089768208563328,"w":0.9921870827674866},"size":8.477505683898926,"orthographic":false}