{"cameraMode":{"drawMode":0,"name":"Shaded","section":"Shading Mode"},"sceneLighting":false,"audioPlay":false,"sceneViewState":{"showFog":true,"showMaterialUpdate":false,"showSkybox":false,"showFlares":true,"showImageEffects":true,"showParticleSystems":true},"in2DMode":false,"pivot":{"x":-0.12028005719184876,"y":0.040158048272132876,"z":-3.617424249649048},"rotation":{"x":0.018094265833497049,"y":-0.9756557941436768,"z":0.19992829859256745,"w":0.0883009135723114},"size":3.6974592208862306,"orthographic":false}