{"cameraMode":{"drawMode":0,"name":"Shaded","section":"Shading Mode"},"sceneLighting":true,"audioPlay":false,"sceneViewState":{"showFog":true,"showMaterialUpdate":false,"showSkybox":true,"showFlares":true,"showImageEffects":true,"showParticleSystems":true},"in2DMode":false,"pivot":{"x":0.00002950429916381836,"y":-0.0008768187835812569,"z":0.4109058082103729},"rotation":{"x":-0.45689788460731509,"y":-0.5347897410392761,"z":0.4341457486152649,"w":-0.5628159046173096},"size":13.302145957946778,"orthographic":false}