{"cameraMode":{"drawMode":0,"name":"Shaded","section":"Shading Mode"},"sceneLighting":false,"audioPlay":false,"sceneViewState":{"showFog":true,"showMaterialUpdate":false,"showSkybox":false,"showFlares":true,"showImageEffects":true,"showParticleSystems":true},"in2DMode":false,"pivot":{"x":0.126953125,"y":0.3253173828125,"z":0.05029296875},"rotation":{"x":-0.00008857549983076751,"y":-0.9998996257781982,"z":0.007326063234359026,"w":-0.012131761759519577},"size":2.8741698265075685,"orthographic":true}