{"cameraMode":{"drawMode":0,"name":"Shaded","section":"Shading Mode"},"sceneLighting":false,"audioPlay":false,"sceneViewState":{"showFog":true,"showMaterialUpdate":false,"showSkybox":false,"showFlares":true,"showImageEffects":true,"showParticleSystems":true},"in2DMode":false,"pivot":{"x":-1.2566430568695069,"y":0.6324087977409363,"z":-2.627126932144165},"rotation":{"x":0.008929981850087643,"y":0.9829139709472656,"z":-0.04957934468984604,"w":0.17703785002231599},"size":2.6151251792907717,"orthographic":false}