{"cameraMode":{"drawMode":0,"name":"Shaded","section":"Shading Mode"},"sceneLighting":false,"audioPlay":false,"sceneViewState":{"showFog":true,"showMaterialUpdate":false,"showSkybox":false,"showFlares":true,"showImageEffects":true,"showParticleSystems":true},"in2DMode":false,"pivot":{"x":-0.6443753838539124,"y":0.6690176725387573,"z":-2.7789435386657717},"rotation":{"x":0.006528452038764954,"y":-0.9916914701461792,"z":0.05599246174097061,"w":0.1156301498413086},"size":2.8741698265075685,"orthographic":false}