{"cameraMode":{"drawMode":0,"name":"Shaded","section":"Shading Mode"},"sceneLighting":false,"audioPlay":false,"sceneViewState":{"showFog":true,"showMaterialUpdate":false,"showSkybox":false,"showFlares":true,"showImageEffects":true,"showParticleSystems":true},"in2DMode":false,"pivot":{"x":-0.44605040550231936,"y":0.5569999814033508,"z":-2.9136300086975099},"rotation":{"x":0.013856754638254643,"y":-0.9847636222839356,"z":-0.14598670601844788,"w":-0.09346967190504074},"size":1.4449247121810914,"orthographic":true}