{"cameraMode":{"drawMode":0,"name":"Shaded","section":"Shading Mode"},"sceneLighting":false,"audioPlay":false,"sceneViewState":{"showFog":true,"showMaterialUpdate":false,"showSkybox":false,"showFlares":true,"showImageEffects":true,"showParticleSystems":true},"in2DMode":false,"pivot":{"x":0.4728360176086426,"y":-0.33746588230133059,"z":-0.1368117332458496},"rotation":{"x":0.013622626662254334,"y":0.9732836484909058,"z":-0.059933435171842578,"w":0.22122704982757569},"size":2.789863348007202,"orthographic":false}