{"cameraMode":{"drawMode":0,"name":"Shaded","section":"Shading Mode"},"sceneLighting":false,"audioPlay":false,"sceneViewState":{"showFog":true,"showMaterialUpdate":false,"showSkybox":false,"showFlares":true,"showImageEffects":true,"showParticleSystems":true},"in2DMode":false,"pivot":{"x":-0.5438801050186157,"y":1.1695138216018677,"z":3.8228986263275148},"rotation":{"x":0.01706111617386341,"y":0.06161569431424141,"z":0.0010534791508689523,"w":-0.9979535937309265},"size":6.25361442565918,"orthographic":false}