{"cameraMode":{"drawMode":0,"name":"Shaded","section":"Shading Mode"},"sceneLighting":false,"audioPlay":false,"sceneViewState":{"showFog":true,"showMaterialUpdate":false,"showSkybox":false,"showFlares":true,"showImageEffects":true,"showParticleSystems":true},"in2DMode":false,"pivot":{"x":4.480999946594238,"y":0.8650000095367432,"z":0.44999998807907107},"rotation":{"x":-0.0684976652264595,"y":0.8639703392982483,"z":-0.4836210608482361,"w":-0.12236851453781128},"size":2.8578836917877199,"orthographic":false}