{"cameraMode":{"drawMode":0,"name":"Shaded","section":"Shading Mode"},"sceneLighting":true,"audioPlay":false,"sceneViewState":{"showFog":true,"showMaterialUpdate":false,"showSkybox":true,"showFlares":true,"showImageEffects":true,"showParticleSystems":true},"in2DMode":false,"pivot":{"x":-1.1861783266067505,"y":-0.013119756244122982,"z":12.91323184967041},"rotation":{"x":-0.03982700780034065,"y":0.05814264714717865,"z":-0.0023217021953314544,"w":-0.9975108504295349},"size":15.876806259155274,"orthographic":false}