{"cameraMode":{"drawMode":0,"name":"Shaded","section":"Shading Mode"},"sceneLighting":false,"audioPlay":false,"sceneViewState":{"showFog":true,"showMaterialUpdate":false,"showSkybox":false,"showFlares":true,"showImageEffects":true,"showParticleSystems":true},"in2DMode":false,"pivot":{"x":0.9753860235214233,"y":0.22254623472690583,"z":-3.5653586387634279},"rotation":{"x":0.04048333689570427,"y":0.7717612981796265,"z":-0.049381550401449206,"w":0.6326982975006104},"size":3.8237221240997316,"orthographic":false}