{"cameraMode":{"drawMode":1,"name":"Wireframe","section":"Shading Mode"},"sceneLighting":false,"audioPlay":false,"sceneViewState":{"showFog":true,"showMaterialUpdate":false,"showSkybox":false,"showFlares":true,"showImageEffects":true,"showParticleSystems":true},"in2DMode":false,"pivot":{"x":0.28828853368759158,"y":0.4560786485671997,"z":-2.2437493801116945},"rotation":{"x":-0.09226322174072266,"y":-0.4208400845527649,"z":0.04307517781853676,"w":-0.9014021158218384},"size":2.9258809089660646,"orthographic":false}