{"cameraMode":{"drawMode":0,"name":"Shaded","section":"Shading Mode"},"sceneLighting":false,"audioPlay":false,"sceneViewState":{"showFog":true,"showMaterialUpdate":false,"showSkybox":false,"showFlares":true,"showImageEffects":true,"showParticleSystems":true},"in2DMode":false,"pivot":{"x":0.06749832630157471,"y":1.0776288509368897,"z":-1.778341293334961},"rotation":{"x":0.005879892501980066,"y":-0.9667906165122986,"z":-0.02233508788049221,"w":-0.25452426075935366},"size":2.8741698265075685,"orthographic":false}