{"cameraMode":{"drawMode":0,"name":"Shaded","section":"Shading Mode"},"sceneLighting":false,"audioPlay":false,"sceneViewState":{"showFog":true,"showMaterialUpdate":false,"showSkybox":false,"showFlares":true,"showImageEffects":true,"showParticleSystems":true},"in2DMode":false,"pivot":{"x":-0.6899725794792175,"y":0.5668525695800781,"z":-2.8967020511627199},"rotation":{"x":0.00018898634880315512,"y":-0.9997828602790833,"z":-0.01049810741096735,"w":-0.017998037859797479},"size":2.9258809089660646,"orthographic":false}