{"cameraMode":{"drawMode":1,"name":"Wireframe","section":"Shading Mode"},"sceneLighting":false,"audioPlay":false,"sceneViewState":{"showFog":true,"showMaterialUpdate":false,"showSkybox":false,"showFlares":true,"showImageEffects":true,"showParticleSystems":true},"in2DMode":false,"pivot":{"x":0.04789841175079346,"y":0.04012495279312134,"z":0.24838495254516602},"rotation":{"x":0.049431830644607547,"y":0.9476441740989685,"z":-0.1815730482339859,"w":0.2579890489578247},"size":2.5578837394714357,"orthographic":false}