{"cameraMode":{"drawMode":0,"name":"Shaded","section":"Shading Mode"},"sceneLighting":false,"audioPlay":false,"sceneViewState":{"showFog":true,"showMaterialUpdate":false,"showSkybox":false,"showFlares":true,"showImageEffects":true,"showParticleSystems":true},"in2DMode":false,"pivot":{"x":-0.1707630157470703,"y":0.30810222029685976,"z":-3.1476402282714845},"rotation":{"x":0.05744022876024246,"y":0.9420633912086487,"z":-0.248905211687088,"w":0.21740174293518067},"size":2.5578837394714357,"orthographic":false}