{"cameraMode":{"drawMode":0,"name":"Shaded","section":"Shading Mode"},"sceneLighting":false,"audioPlay":false,"sceneViewState":{"showFog":true,"showMaterialUpdate":false,"showSkybox":false,"showFlares":true,"showImageEffects":true,"showParticleSystems":true},"in2DMode":false,"pivot":{"x":-0.44605040550231936,"y":0.556999921798706,"z":-2.9136300086975099},"rotation":{"x":-0.016155008226633073,"y":0.9626791477203369,"z":-0.2636442482471466,"w":-0.058988481760025027},"size":2.8578836917877199,"orthographic":false}