{"cameraMode":{"drawMode":0,"name":"Shaded","section":"Shading Mode"},"sceneLighting":false,"audioPlay":false,"sceneViewState":{"showFog":true,"showMaterialUpdate":false,"showSkybox":false,"showFlares":true,"showImageEffects":true,"showParticleSystems":true},"in2DMode":false,"pivot":{"x":-0.6952901482582092,"y":-0.9874973893165588,"z":-5.360119342803955},"rotation":{"x":-0.016155008226633073,"y":0.9626791477203369,"z":-0.2636442482471466,"w":-0.058988481760025027},"size":4.597459316253662,"orthographic":false}