{"cameraMode":{"drawMode":0,"name":"Shaded","section":"Shading Mode"},"sceneLighting":true,"audioPlay":false,"sceneViewState":{"showFog":true,"showMaterialUpdate":false,"showSkybox":true,"showFlares":true,"showImageEffects":true,"showParticleSystems":true},"in2DMode":false,"pivot":{"x":-0.14453426003456117,"y":-0.008213497698307038,"z":3.144292116165161},"rotation":{"x":-0.16090376675128938,"y":-0.6709473729133606,"z":0.1525743305683136,"w":-0.7075737714767456},"size":5.543003082275391,"orthographic":false}