{"cameraMode":{"drawMode":0,"name":"Shaded","section":"Shading Mode"},"sceneLighting":false,"audioPlay":false,"sceneViewState":{"showFog":true,"showMaterialUpdate":false,"showSkybox":false,"showFlares":true,"showImageEffects":true,"showParticleSystems":true},"in2DMode":false,"pivot":{"x":-0.7426162362098694,"y":-0.145607590675354,"z":-6.604245662689209},"rotation":{"x":-0.001032486092299223,"y":0.9968485236167908,"z":-0.07822252810001373,"w":-0.013158340007066727},"size":6.022449016571045,"orthographic":false}