{"cameraMode":{"drawMode":0,"name":"Shaded","section":"Shading Mode"},"sceneLighting":true,"audioPlay":false,"sceneViewState":{"showFog":true,"showMaterialUpdate":false,"showSkybox":true,"showFlares":true,"showImageEffects":true,"showParticleSystems":true},"in2DMode":false,"pivot":{"x":-0.4918539524078369,"y":2.4432778358459474,"z":2.806211471557617},"rotation":{"x":-0.2011929601430893,"y":0.014854458160698414,"z":-0.0030517156701534988,"w":-0.9794343113899231},"size":2.768230676651001,"orthographic":false}