{"cameraMode":{"drawMode":0,"name":"Shaded","section":"Shading Mode"},"sceneLighting":false,"audioPlay":false,"sceneViewState":{"showFog":true,"showMaterialUpdate":false,"showSkybox":false,"showFlares":true,"showImageEffects":true,"showParticleSystems":true},"in2DMode":false,"pivot":{"x":0.0,"y":1.3799999952316285,"z":0.03850001096725464},"rotation":{"x":-0.0012545333011075855,"y":0.9543445706367493,"z":-0.2986786663532257,"w":-0.0040074726566672329},"size":3.7188847064971926,"orthographic":false}