{"cameraMode":{"drawMode":0,"name":"Shaded","section":"Shading Mode"},"sceneLighting":false,"audioPlay":false,"sceneViewState":{"showFog":true,"showMaterialUpdate":false,"showSkybox":false,"showFlares":true,"showImageEffects":true,"showParticleSystems":true},"in2DMode":false,"pivot":{"x":-0.02523919567465782,"y":0.006862758658826351,"z":0.08757944405078888},"rotation":{"x":0.12222112715244293,"y":-0.8704429864883423,"z":0.3921782672405243,"w":0.27126988768577578},"size":0.6089502573013306,"orthographic":false}